base,ano,uf,substancia,oxido,producao,contido,venda_t,venda_rs,transf_t,transf_rs,alerta
Beneficiada,2010,AM,Columbita-Tantalita,Nb2O5,6319,1922.303,0,0,6227.52,33407046.27,
Beneficiada,2010,RO,Columbita-Tantalita,Nb2O5,4409.75,227.905,4297.75,11512164.46,0,0,
Beneficiada,2011,AM,Columbita-Tantalita,Nb2O5,8331.22,1101.937,0,0,8620.72,69888005.56,
Beneficiada,2011,RO,Columbita-Tantalita,Nb2O5,3446.43,232.252,3378.61,12047800.06,0,0,
Beneficiada,2012,AM,Columbita-Tantalita,Nb2O5,10907.78,1799.8,0,0,10907.78,68445513.4,
Beneficiada,2012,RO,Columbita-Tantalita,Nb2O5,9731.22,496.781,9408.88,37226104.4,0,0,
Beneficiada,2013,AM,Columbita-Tantalita,Nb2O5,24589.38,5225,0,0,24589.38,113182724.7,
Beneficiada,2013,RO,Columbita-Tantalita,Nb2O5,6342.45,328.469,6342.8,31361595.71,0,0,
Beneficiada,2014,AM,Columbita-Tantalita,Nb2O5,15436.22,2546.5,0,0,15436.22,42176268.44,
Beneficiada,2014,RO,Columbita-Tantalita,Nb2O5,4277.65,178.508,4251.43,16502607.64,0,0,
Beneficiada,2015,AM,Columbita-Tantalita,Nb2O5,11209.7,1849.45,0,0,11209.7,46927877.36,
Beneficiada,2015,RO,Columbita-Tantalita,Nb2O5,6393.55,277.595,6511.55,35061540.42,0,0,
Beneficiada,2016,AM,Columbita-Tantalita,Nb2O5,9498.28,1102.6,0,0,9327.26,34813627.68,
Beneficiada,2016,RO,Columbita-Tantalita,Nb2O5,6399.47,425.993,6430.73,36315252.17,0,0,
Beneficiada,2017,AM,Columbita-Tantalita,Nb2O5,17801.56,2670.233,0,0,17621.48,88521149.24,
Beneficiada,2017,RO,Columbita-Tantalita,Nb2O5,4582.24,309.663,4582.24,28439403.86,0,0,
Beneficiada,2018,AM,Columbita-Tantalita,Nb2O5,11837.01,3551.103,0,0,11837.01,85829257.24,
Beneficiada,2018,RO,Columbita-Tantalita,Nb2O5,509.445,285.648,346.958,13552888.67,246.89,16746736.67,
Beneficiada,2019,AM,Columbita-Tantalita,Nb2O5,10004.84,3501.694,0,0,11837.01,79295957.7,
Beneficiada,2019,PB,Columbita-Tantalita,Nb2O5,3.48,0.5,3.48,84729.14,0,0,
Beneficiada,2019,RO,Columbita-Tantalita,Nb2O5,269.859,158.368,234.51,11200381.29,0,0,
Beneficiada,2020,AM,Columbita-Tantalita,Nb2O5,9637,3372.95,0,0,9310.43,63929024.91,
Beneficiada,2020,RO,Columbita-Tantalita,Nb2O5,322.971,196.035,322.15,19439149.29,0,0,
Beneficiada,2021,AM,Columbita-Tantalita,Nb2O5,9619.5,3303.81,0,0,9939.86,84026841.91,
Beneficiada,2021,PA,Columbita-Tantalita,Nb2O5,72.76,46.76,72.76,3227888,0,0,
Beneficiada,2021,RO,Columbita-Tantalita,Nb2O5,1090.619,578.724,1134.2,50352262.77,0,0,
Beneficiada,2022,AM,Columbita-Tantalita,Nb2O5,10836.11,3274.9,0,0,10408.68,125965274,
Beneficiada,2022,RO,Columbita-Tantalita,Nb2O5,28668.668,462.553,29048.77,64033945.66,0,0,"A verificar: quantidade produzida salta para 22–118 mil t com contido estável (teor implícito de 0,3–3,7%, contra ~55% em 2018–2021) – a quantidade parece ser de minério, não de concentrado"
Beneficiada,2023,AM,Columbita-Tantalita,Nb2O5,9634.58,3296.953,0,0,9981.86,164628245.9,
Beneficiada,2023,RO,Columbita-Tantalita,Nb2O5,21564.018,794.377,21457.92,67100874.29,0,0,"A verificar: quantidade produzida salta para 22–118 mil t com contido estável (teor implícito de 0,3–3,7%, contra ~55% em 2018–2021) – a quantidade parece ser de minério, não de concentrado"
Beneficiada,2024,AM,Columbita-Tantalita,Nb2O5,11722.05,3819.044,0,0,11793.11,167401666.6,
Beneficiada,2024,RO,Columbita-Tantalita,Nb2O5,108866.255,504.252,109086.93,68514310.26,0,0,"A verificar: quantidade produzida salta para 22–118 mil t com contido estável (teor implícito de 0,3–3,7%, contra ~55% em 2018–2021) – a quantidade parece ser de minério, não de concentrado"
Beneficiada,2025,AM,Columbita-Tantalita,Nb2O5,11635,3723.2,0,0,11488.78,178716839.9,
Beneficiada,2025,RO,Columbita-Tantalita,Nb2O5,118374.932,346.72,118339.67,51507024.64,0,0,"A verificar: quantidade produzida salta para 22–118 mil t com contido estável (teor implícito de 0,3–3,7%, contra ~55% em 2018–2021) – a quantidade parece ser de minério, não de concentrado"
Beneficiada,2010,MG,Columbita-Tantalita,Ta2O5,773.85,150,747.7,15970972.79,0,0,
Beneficiada,2010,RN,Columbita-Tantalita,Ta2O5,1.37,1.37,1.37,52598,0,0,
Beneficiada,2010,RO,Columbita-Tantalita,Ta2O5,2696,87.874,2696,6323825.18,0,0,
Beneficiada,2011,AM,Columbita-Tantalita,Ta2O5,8331.22,1101.937,0,0,8620.72,69888005.56,Erro provável: contido de Ta2O5 idêntico ao da linha de Nb2O5 (duplicação na declaração)
Beneficiada,2011,AP,Columbita-Tantalita,Ta2O5,5.77,5.77,5.77,115700,0,0,
Beneficiada,2011,MG,Columbita-Tantalita,Ta2O5,531.6,120,543.43,39684500.91,0,0,
Beneficiada,2011,PB,Columbita-Tantalita,Ta2O5,1.9,1.9,1.9,117481.6,0,0,
Beneficiada,2011,RN,Columbita-Tantalita,Ta2O5,4.55,4.55,4.55,256550,0,0,
Beneficiada,2011,RO,Columbita-Tantalita,Ta2O5,1907.5,78.359,1839.68,6001333.84,0,0,
Beneficiada,2012,AM,Columbita-Tantalita,Ta2O5,10907.78,1799.8,0,0,10907.78,68445513.4,Erro provável: contido de Ta2O5 idêntico ao da linha de Nb2O5 (duplicação na declaração)
Beneficiada,2012,AP,Columbita-Tantalita,Ta2O5,31.61,31.61,31.61,632300,0,0,
Beneficiada,2012,MG,Columbita-Tantalita,Ta2O5,611.69,120.088,603.6,75407908.8,0,0,
Beneficiada,2012,PB,Columbita-Tantalita,Ta2O5,4,0.4,4,12000,0,0,
Beneficiada,2012,RN,Columbita-Tantalita,Ta2O5,7.5,7.5,7.5,529670.74,0,0,
Beneficiada,2012,RO,Columbita-Tantalita,Ta2O5,7480.48,314.774,7363.26,28402224.62,0,0,
Beneficiada,2013,AM,Columbita-Tantalita,Ta2O5,24589.38,5225,0,0,24589.38,113182724.7,Erro provável: contido de Ta2O5 idêntico ao da linha de Nb2O5 (duplicação na declaração)
Beneficiada,2013,AP,Columbita-Tantalita,Ta2O5,53.05,53.05,53.05,339000,0,0,
Beneficiada,2013,MG,Columbita-Tantalita,Ta2O5,697.63,132.219,690.81,91621190.46,0,0,
Beneficiada,2013,PB,Columbita-Tantalita,Ta2O5,8.3,0.83,8.3,31000.2,0,0,
Beneficiada,2013,RN,Columbita-Tantalita,Ta2O5,3.14,3.14,3.14,122460,0,0,
Beneficiada,2013,RO,Columbita-Tantalita,Ta2O5,4992.76,198.21,4992.76,23165758.96,0,0,
Beneficiada,2014,AM,Columbita-Tantalita,Ta2O5,15436.22,2546.5,0,0,15436.22,42176268.44,Erro provável: contido de Ta2O5 idêntico ao da linha de Nb2O5 (duplicação na declaração)
Beneficiada,2014,MG,Columbita-Tantalita,Ta2O5,719.71,118.373,424.95,97486696.98,0,0,
Beneficiada,2014,PB,Columbita-Tantalita,Ta2O5,14.55,1.755,14.55,83760.61,0,0,
Beneficiada,2014,RO,Columbita-Tantalita,Ta2O5,3982.62,153.396,3982.68,15001031.66,0,0,
Beneficiada,2015,AM,Columbita-Tantalita,Ta2O5,11209.7,1849.45,0,0,11209.7,46927877.36,Erro provável: contido de Ta2O5 idêntico ao da linha de Nb2O5 (duplicação na declaração)
Beneficiada,2015,MG,Columbita-Tantalita,Ta2O5,655.91,129.113,428.46,125870997.7,0,0,
Beneficiada,2015,PB,Columbita-Tantalita,Ta2O5,6.3,0.63,6.3,25200,0,0,
Beneficiada,2015,RN,Columbita-Tantalita,Ta2O5,2.17,2.17,2.17,84160,0,0,
Beneficiada,2015,RO,Columbita-Tantalita,Ta2O5,5183,171.99,5282.74,22204145.66,0,0,
Beneficiada,2016,AM,Columbita-Tantalita,Ta2O5,9498.28,1102.6,0,0,9327.26,34813627.68,Erro provável: contido de Ta2O5 idêntico ao da linha de Nb2O5 (duplicação na declaração)
Beneficiada,2016,MG,Columbita-Tantalita,Ta2O5,527.04,125.302,436.86,100981286.1,0,0,
Beneficiada,2016,RO,Columbita-Tantalita,Ta2O5,2536.1,109,2536.1,10588408.12,0,0,
Beneficiada,2017,AM,Columbita-Tantalita,Ta2O5,17801.56,2670.233,0,0,17621.48,88521149.24,Erro provável: contido de Ta2O5 idêntico ao da linha de Nb2O5 (duplicação na declaração)
Beneficiada,2017,MG,Columbita-Tantalita,Ta2O5,436.74,75.036,300,36759619.9,0,0,
Beneficiada,2017,RO,Columbita-Tantalita,Ta2O5,2057.36,86.087,2057.36,7498969.4,0,0,
Beneficiada,2018,MG,Columbita-Tantalita,Ta2O5,560.39,141.069,446.18,99928941.02,0,0,
Beneficiada,2018,RO,Columbita-Tantalita,Ta2O5,1.956,0.608,5.312,277365.424,0,0,"A verificar: contido de Ta2O5 cai ~100x a partir de 2018 (de 78–315 t para 0,6–4,8 t/ano) e não acompanha a produção bruta de RO, que volta a 37–131 t em 2022–2025"
Beneficiada,2019,MG,Columbita-Tantalita,Ta2O5,412.1,75.996,320.62,46903102.1,0,0,
Beneficiada,2019,RO,Columbita-Tantalita,Ta2O5,1.621,0.67,0,0,0,0,"A verificar: contido de Ta2O5 cai ~100x a partir de 2018 (de 78–315 t para 0,6–4,8 t/ano) e não acompanha a produção bruta de RO, que volta a 37–131 t em 2022–2025"
Beneficiada,2020,MG,Columbita-Tantalita,Ta2O5,377.56,102.975,246.04,55751521.94,0,0,
Beneficiada,2020,RO,Columbita-Tantalita,Ta2O5,2.849,1.346,2.45,116171.863,0,0,"A verificar: contido de Ta2O5 cai ~100x a partir de 2018 (de 78–315 t para 0,6–4,8 t/ano) e não acompanha a produção bruta de RO, que volta a 37–131 t em 2022–2025"
Beneficiada,2021,MG,Columbita-Tantalita,Ta2O5,415.31,114.198,381.18,79812867.16,0,0,
Beneficiada,2021,RO,Columbita-Tantalita,Ta2O5,3.462,1.189,5.82,354905.901,0,0,"A verificar: contido de Ta2O5 cai ~100x a partir de 2018 (de 78–315 t para 0,6–4,8 t/ano) e não acompanha a produção bruta de RO, que volta a 37–131 t em 2022–2025"
Beneficiada,2022,AP,Columbita-Tantalita,Ta2O5,18636.97,18.637,18636.97,1348924.8,0,0,A verificar: produção e venda de 17–19 mil t com contido de 17–19 t (exatamente 1/1000) – quantidade provavelmente em kg
Beneficiada,2022,MG,Columbita-Tantalita,Ta2O5,513.57,167.578,0,0,320.14,81621339.07,
Beneficiada,2022,RO,Columbita-Tantalita,Ta2O5,11.732,4.767,0,0,0,0,"A verificar: contido de Ta2O5 cai ~100x a partir de 2018 (de 78–315 t para 0,6–4,8 t/ano) e não acompanha a produção bruta de RO, que volta a 37–131 t em 2022–2025"
Beneficiada,2023,AP,Columbita-Tantalita,Ta2O5,16869.07,16.869,16869.07,832760.21,0,0,A verificar: produção e venda de 17–19 mil t com contido de 17–19 t (exatamente 1/1000) – quantidade provavelmente em kg
Beneficiada,2023,MG,Columbita-Tantalita,Ta2O5,198.01,56.426,0,0,198.01,50867787.52,
Beneficiada,2023,PA,Columbita-Tantalita,Ta2O5,2.77,1.481,2.59,170001.45,0,0,
Beneficiada,2023,RO,Columbita-Tantalita,Ta2O5,7.482,3.144,8.75,585189.552,0,0,"A verificar: contido de Ta2O5 cai ~100x a partir de 2018 (de 78–315 t para 0,6–4,8 t/ano) e não acompanha a produção bruta de RO, que volta a 37–131 t em 2022–2025"
Beneficiada,2024,MG,Columbita-Tantalita,Ta2O5,115.12,32.863,0,0,115.12,29348077.95,
Beneficiada,2024,PA,Columbita-Tantalita,Ta2O5,0.06,0.032,0.24,19212.62,0,0,
Beneficiada,2024,RO,Columbita-Tantalita,Ta2O5,7.015,2.772,16.25,1657819.759,0,0,"A verificar: contido de Ta2O5 cai ~100x a partir de 2018 (de 78–315 t para 0,6–4,8 t/ano) e não acompanha a produção bruta de RO, que volta a 37–131 t em 2022–2025"
Beneficiada,2025,MG,Columbita-Tantalita,Ta2O5,140.4,39.306,0,0,140.4,44968493.18,
Beneficiada,2025,RO,Columbita-Tantalita,Ta2O5,3.518,1.269,2.5,296892.283,0,0,"A verificar: contido de Ta2O5 cai ~100x a partir de 2018 (de 78–315 t para 0,6–4,8 t/ano) e não acompanha a produção bruta de RO, que volta a 37–131 t em 2022–2025"
Beneficiada,2010,RJ,Monazita e Terras-Raras,ETR,248,248,0,0,0,0,"A verificar: contido igual à quantidade produzida (teor de 100%) em todos os anos – o contido parece ser o peso do concentrado, não de ETR (a monazita tem ~55–65% de óxidos de terras raras)"
Beneficiada,2011,RJ,Monazita e Terras-Raras,ETR,289.54,289.54,1500,997377,0,0,"A verificar: contido igual à quantidade produzida (teor de 100%) em todos os anos – o contido parece ser o peso do concentrado, não de ETR (a monazita tem ~55–65% de óxidos de terras raras)"
Beneficiada,2012,RJ,Monazita e Terras-Raras,ETR,205,205,2700,2096184,0,0,"A verificar: contido igual à quantidade produzida (teor de 100%) em todos os anos – o contido parece ser o peso do concentrado, não de ETR (a monazita tem ~55–65% de óxidos de terras raras)"
Beneficiada,2013,RJ,Monazita e Terras-Raras,ETR,600,600,600,600330,0,0,"A verificar: contido igual à quantidade produzida (teor de 100%) em todos os anos – o contido parece ser o peso do concentrado, não de ETR (a monazita tem ~55–65% de óxidos de terras raras)"
Beneficiada,2014,RJ,Monazita e Terras-Raras,ETR,0,0,0,0,0,0,
Beneficiada,2015,RJ,Monazita e Terras-Raras,ETR,2225,2225,2225,3448455,0,0,"A verificar: contido igual à quantidade produzida (teor de 100%) em todos os anos – o contido parece ser o peso do concentrado, não de ETR (a monazita tem ~55–65% de óxidos de terras raras)"
Beneficiada,2016,RJ,Monazita e Terras-Raras,ETR,3700,3700,3700,5130736,0,0,"A verificar: contido igual à quantidade produzida (teor de 100%) em todos os anos – o contido parece ser o peso do concentrado, não de ETR (a monazita tem ~55–65% de óxidos de terras raras)"
Beneficiada,2017,RJ,Monazita e Terras-Raras,ETR,1900,1900,1900,2677022.5,0,0,"A verificar: contido igual à quantidade produzida (teor de 100%) em todos os anos – o contido parece ser o peso do concentrado, não de ETR (a monazita tem ~55–65% de óxidos de terras raras)"
Beneficiada,2018,RJ,Monazita e Terras-Raras,ETR,800,800,800,1441865,0,0,"A verificar: contido igual à quantidade produzida (teor de 100%) em todos os anos – o contido parece ser o peso do concentrado, não de ETR (a monazita tem ~55–65% de óxidos de terras raras)"
Beneficiada,2019,RJ,Monazita e Terras-Raras,ETR,600,600,600,1986888,0,0,"A verificar: contido igual à quantidade produzida (teor de 100%) em todos os anos – o contido parece ser o peso do concentrado, não de ETR (a monazita tem ~55–65% de óxidos de terras raras)"
Beneficiada,2020,RJ,Monazita e Terras-Raras,ETR,708,708,708,3522659.36,0,0,"A verificar: contido igual à quantidade produzida (teor de 100%) em todos os anos – o contido parece ser o peso do concentrado, não de ETR (a monazita tem ~55–65% de óxidos de terras raras)"
Beneficiada,2021,RJ,Monazita e Terras-Raras,ETR,903,903,0,0,0,0,"A verificar: contido igual à quantidade produzida (teor de 100%) em todos os anos – o contido parece ser o peso do concentrado, não de ETR (a monazita tem ~55–65% de óxidos de terras raras)"
Beneficiada,2022,RJ,Monazita e Terras-Raras,ETR,2474,2474,2474,15836167.41,0,0,"A verificar: contido igual à quantidade produzida (teor de 100%) em todos os anos – o contido parece ser o peso do concentrado, não de ETR (a monazita tem ~55–65% de óxidos de terras raras)"
Beneficiada,2023,GO,Monazita e Terras-Raras,ETR,1.34,1.34,0,0,0,0,"A verificar: contido igual à quantidade produzida (teor de 100%) em todos os anos – o contido parece ser o peso do concentrado, não de ETR (a monazita tem ~55–65% de óxidos de terras raras)"
Beneficiada,2023,RJ,Monazita e Terras-Raras,ETR,1995,1995,1995,9538806.38,0,0,"A verificar: contido igual à quantidade produzida (teor de 100%) em todos os anos – o contido parece ser o peso do concentrado, não de ETR (a monazita tem ~55–65% de óxidos de terras raras)"
Beneficiada,2024,GO,Monazita e Terras-Raras,ETR,612.54,612.54,59.99,11725696.41,0,0,"A verificar: contido igual à quantidade produzida (teor de 100%) em todos os anos – o contido parece ser o peso do concentrado, não de ETR (a monazita tem ~55–65% de óxidos de terras raras)"
Beneficiada,2025,GO,Monazita e Terras-Raras,ETR,325.77,325.77,677.97,69223324.24,0,0,"A verificar: contido igual à quantidade produzida (teor de 100%) em todos os anos – o contido parece ser o peso do concentrado, não de ETR (a monazita tem ~55–65% de óxidos de terras raras)"
Beneficiada,2010,GO,Nióbio,Nb2O5,17941.231,8547.568,214.191,788789.06,12488.126,268935037.5,
Beneficiada,2010,MG,Nióbio,Nb2O5,139125,74974,0,0,139125,133949200,
Beneficiada,2011,GO,Nióbio,Nb2O5,17314.789,8501.25,0,0,12356.629,251997727,
Beneficiada,2011,MG,Nióbio,Nb2O5,141926,77239,0,0,141926,155055927.5,
Beneficiada,2012,GO,Nióbio,Nb2O5,20189.853,10038.829,0,0,14515.973,334918567,
Beneficiada,2012,MG,Nióbio,Nb2O5,130605,71532,0,0,130605,177496912,
Beneficiada,2013,GO,Nióbio,Nb2O5,20162.149,9730.555,0,0,14450.599,392249036.7,
Beneficiada,2013,MG,Nióbio,Nb2O5,123125.04,67436,0,0,123125.04,205318812,
Beneficiada,2014,GO,Nióbio,Nb2O5,20522.284,9882.296,0,0,14504.763,408689481.5,
Beneficiada,2014,MG,Nióbio,Nb2O5,145990,78674,0,0,145990,234783529.5,
Beneficiada,2015,GO,Nióbio,Nb2O5,20208.003,10578.202,0,0,20208.003,437357662.9,
Beneficiada,2015,MG,Nióbio,Nb2O5,132501,71453,0,0,132501,271474504.4,
Beneficiada,2016,GO,Nióbio,Nb2O5,23235.323,12274.589,0,0,23235.323,747658394.4,
Beneficiada,2016,MG,Nióbio,Nb2O5,109040,58881,0,0,109040,255927790.5,
Beneficiada,2017,GO,Nióbio,Nb2O5,28228.98,14206.746,1054.94,34812921,27174.04,312629845.5,
Beneficiada,2017,MG,Nióbio,Nb2O5,131002,68624,0,0,131002,254048715.5,
Beneficiada,2018,GO,Nióbio,Nb2O5,29076.62,14883.886,0,0,29076.62,373949978.5,
Beneficiada,2018,MG,Nióbio,Nb2O5,129412,80833,121445.16,273564620.2,0,0,
Beneficiada,2019,GO,Nióbio,Nb2O5,25440.34,13220.904,0,0,25440.34,388162666.8,
Beneficiada,2019,MG,Nióbio,Nb2O5,203445,109760,0,0,202056.52,343520631.3,
Beneficiada,2020,GO,Nióbio,Nb2O5,27313.88,13948.811,0,0,27313.88,445484151.4,
Beneficiada,2020,MG,Nióbio,Nb2O5,126735,68053.753,0,0,131239.45,276894960.4,
Beneficiada,2021,GO,Nióbio,Nb2O5,26431.47,13322.707,0,0,26431.47,528077420,
Beneficiada,2021,MG,Nióbio,Nb2O5,172345.79,95503.403,0,0,170930.22,441770713.2,
Beneficiada,2022,GO,Nióbio,Nb2O5,27900.88,14025.736,0,0,27900.88,1800855872,
Beneficiada,2022,MG,Nióbio,Nb2O5,173039,91503.02,173039,468389547,0,0,
Beneficiada,2023,GO,Nióbio,Nb2O5,31009.57,15449.1,0,0,31009.57,658315670.4,
Beneficiada,2023,MG,Nióbio,Nb2O5,176199,90372.47,176199,447338688,0,0,
Beneficiada,2024,GO,Nióbio,Nb2O5,3562063.18,49889.624,0,0,31469.4,678704813.4,"A verificar: quantidade ~115x e contido ~3x maiores que em 2023, com transferência estável (~31 mil t) – provável mudança de critério de declaração"
Beneficiada,2024,MG,Nióbio,Nb2O5,182199,94130,182199,498282178,0,0,
Beneficiada,2025,GO,Nióbio,Nb2O5,3280804.6,44523.013,0,0,32737.46,726767846,"A verificar: quantidade ~115x e contido ~3x maiores que em 2023, com transferência estável (~31 mil t) – provável mudança de critério de declaração"
Beneficiada,2025,MG,Nióbio,Nb2O5,201295,103385.11,201295,570939302.3,0,0,
Bruta (ROM),2010,AM,Columbita-Tantalita,Nb2O5,7687486,1922.303,0,0,0,0,
Bruta (ROM),2010,MG,Columbita-Tantalita,Nb2O5,31848,2.866,0,0,0,0,
Bruta (ROM),2010,RO,Columbita-Tantalita,Nb2O5,506994.08,231.617,0,0,0,0,
Bruta (ROM),2011,AM,Columbita-Tantalita,Nb2O5,6479103,1006.116,0,0,0,0,
Bruta (ROM),2011,RO,Columbita-Tantalita,Nb2O5,530738.29,204.959,0,0,0,0,
Bruta (ROM),2012,AM,Columbita-Tantalita,Nb2O5,6580544,1636.2,0,0,0,0,
Bruta (ROM),2012,RO,Columbita-Tantalita,Nb2O5,845165.21,422.796,0,0,0,0,
Bruta (ROM),2013,AM,Columbita-Tantalita,Nb2O5,9480520,4750,0,0,0,0,
Bruta (ROM),2013,RO,Columbita-Tantalita,Nb2O5,1050220.86,309.108,0,0,0,0,
Bruta (ROM),2014,AM,Columbita-Tantalita,Nb2O5,14649722.96,2315,0,0,0,0,
Bruta (ROM),2014,RO,Columbita-Tantalita,Nb2O5,817840.59,169.738,0,0,0,0,
Bruta (ROM),2015,AM,Columbita-Tantalita,Nb2O5,10705408.8,1681.45,0,0,0,0,
Bruta (ROM),2015,RO,Columbita-Tantalita,Nb2O5,1145164.85,254.449,0,0,0,0,
Bruta (ROM),2016,AM,Columbita-Tantalita,Nb2O5,6012674,1000,0,0,0,0,
Bruta (ROM),2016,RO,Columbita-Tantalita,Nb2O5,2035793.08,417.993,0,0,0,0,
Bruta (ROM),2017,AM,Columbita-Tantalita,Nb2O5,6494374.62,2403.21,0,0,0,0,
Bruta (ROM),2017,PB,Columbita-Tantalita,Nb2O5,0.74,0.34,0,0,0,0,
Bruta (ROM),2017,RO,Columbita-Tantalita,Nb2O5,1540842.45,304.44,0,0,0,0,
Bruta (ROM),2018,AM,Columbita-Tantalita,Nb2O5,6130428.13,12873.899,0,0,0,0,
Bruta (ROM),2018,PB,Columbita-Tantalita,Nb2O5,0.55,0.3,0,0,0,0,
Bruta (ROM),2018,RO,Columbita-Tantalita,Nb2O5,2675426.68,483.833,0,0,0,0,
Bruta (ROM),2019,AM,Columbita-Tantalita,Nb2O5,5948820.75,12492.524,0,0,0,0,
Bruta (ROM),2019,PB,Columbita-Tantalita,Nb2O5,3743.47,0.5,0,0,0,0,
Bruta (ROM),2019,RO,Columbita-Tantalita,Nb2O5,1941651.29,310.525,0,0,0,0,
Bruta (ROM),2020,AM,Columbita-Tantalita,Nb2O5,5906451.21,12403.548,0,0,0,0,
Bruta (ROM),2020,PA,Columbita-Tantalita,Nb2O5,259.75,57.788,191.75,5254500,0,0,
Bruta (ROM),2020,PB,Columbita-Tantalita,Nb2O5,4.21,0.86,0,0,0,0,
Bruta (ROM),2020,RO,Columbita-Tantalita,Nb2O5,8666683.16,2049.304,487.62,27836729.39,0,0,
Bruta (ROM),2021,PA,Columbita-Tantalita,Nb2O5,99530.6,47.36,0.6,35292,1,0,
Bruta (ROM),2021,PB,Columbita-Tantalita,Nb2O5,2.73,1.02,0,0,0,0,
Bruta (ROM),2021,RO,Columbita-Tantalita,Nb2O5,1372986.48,813.89,0,0,0,0,
Bruta (ROM),2022,AM,Columbita-Tantalita,Nb2O5,8026314,19423.68,0,0,0,0,
Bruta (ROM),2022,PA,Columbita-Tantalita,Nb2O5,79.85,44,79.85,7169496.66,0,0,
Bruta (ROM),2022,RO,Columbita-Tantalita,Nb2O5,2262745.63,1316.917,0,0,0,0,
Bruta (ROM),2023,AM,Columbita-Tantalita,Nb2O5,8622167,19830.984,0,0,0,0,
Bruta (ROM),2023,MG,Columbita-Tantalita,Nb2O5,2000,0,0,0,0,0,
Bruta (ROM),2023,PA,Columbita-Tantalita,Nb2O5,97.82,0.054,97.82,7505761.88,0,0,
Bruta (ROM),2023,RO,Columbita-Tantalita,Nb2O5,1464516.71,1645.92,0,0,0,0,
Bruta (ROM),2024,AM,Columbita-Tantalita,Nb2O5,8097428,19757.724,0,0,0,0,
Bruta (ROM),2024,MG,Columbita-Tantalita,Nb2O5,370,0,0,0,0,0,
Bruta (ROM),2024,PA,Columbita-Tantalita,Nb2O5,56.06,36,38.06,3055170.91,0,0,
Bruta (ROM),2024,RO,Columbita-Tantalita,Nb2O5,1018450.318,428.963,0,0,79916.67,140365,
Bruta (ROM),2025,AM,Columbita-Tantalita,Nb2O5,8461800.32,21408.355,0,0,0,0,
Bruta (ROM),2025,PA,Columbita-Tantalita,Nb2O5,0,0,0,0,0,0,
Bruta (ROM),2025,RO,Columbita-Tantalita,Nb2O5,829178.742,439.784,0,0,0,0,
Bruta (ROM),2010,MG,Columbita-Tantalita,Ta2O5,569933,170.195,0,0,0,0,
Bruta (ROM),2010,RN,Columbita-Tantalita,Ta2O5,192,1.37,0,0,0,0,
Bruta (ROM),2010,RO,Columbita-Tantalita,Ta2O5,137834,10,0,0,0,0,
Bruta (ROM),2011,AM,Columbita-Tantalita,Ta2O5,6479103,95.821,0,0,0,0,
Bruta (ROM),2011,AP,Columbita-Tantalita,Ta2O5,3910,5.785,0,0,0,0,
Bruta (ROM),2011,MG,Columbita-Tantalita,Ta2O5,785735.9,490.943,0,0,0,0,
Bruta (ROM),2011,PB,Columbita-Tantalita,Ta2O5,1.9,1.9,0,0,0,0,
Bruta (ROM),2011,RN,Columbita-Tantalita,Ta2O5,637,4.55,0,0,0,0,
Bruta (ROM),2011,RO,Columbita-Tantalita,Ta2O5,177558.79,11.08,0,0,0,0,
Bruta (ROM),2012,AM,Columbita-Tantalita,Ta2O5,6580544,163.62,0,0,0,0,
Bruta (ROM),2012,AP,Columbita-Tantalita,Ta2O5,18931.14,31.615,0,0,0,0,
Bruta (ROM),2012,MG,Columbita-Tantalita,Ta2O5,678868.09,454.842,0,0,0,0,
Bruta (ROM),2012,PB,Columbita-Tantalita,Ta2O5,400,0.4,0,0,0,0,
Bruta (ROM),2012,RN,Columbita-Tantalita,Ta2O5,1050,7.5,0,0,0,0,
Bruta (ROM),2012,RO,Columbita-Tantalita,Ta2O5,638158.21,18.552,0,0,0,0,
Bruta (ROM),2013,AM,Columbita-Tantalita,Ta2O5,9480520,475,0,0,0,0,
Bruta (ROM),2013,AP,Columbita-Tantalita,Ta2O5,31823.64,53.05,0,0,0,0,
Bruta (ROM),2013,MG,Columbita-Tantalita,Ta2O5,826249.31,553.587,0,0,0,0,
Bruta (ROM),2013,PB,Columbita-Tantalita,Ta2O5,1000.83,0.83,0,0,0,0,
Bruta (ROM),2013,RN,Columbita-Tantalita,Ta2O5,440,3.14,0,0,0,0,
Bruta (ROM),2013,RO,Columbita-Tantalita,Ta2O5,892844.86,18.485,0,0,0,0,
Bruta (ROM),2014,AM,Columbita-Tantalita,Ta2O5,14649722.96,231.5,0,0,0,0,
Bruta (ROM),2014,AP,Columbita-Tantalita,Ta2O5,0,0,0,0,0,0,
Bruta (ROM),2014,MG,Columbita-Tantalita,Ta2O5,773447.3,518.21,0,0,0,0,
Bruta (ROM),2014,PB,Columbita-Tantalita,Ta2O5,2075.1,1.755,0,0,0,0,
Bruta (ROM),2014,RN,Columbita-Tantalita,Ta2O5,0,0,0,0,0,0,
Bruta (ROM),2014,RO,Columbita-Tantalita,Ta2O5,623363.32,8.77,0,0,0,0,
Bruta (ROM),2015,AM,Columbita-Tantalita,Ta2O5,10705408.8,168,0,0,0,0,
Bruta (ROM),2015,MG,Columbita-Tantalita,Ta2O5,837180.44,560.911,0,0,0,0,
Bruta (ROM),2015,PB,Columbita-Tantalita,Ta2O5,2000,2,0,0,0,0,
Bruta (ROM),2015,RN,Columbita-Tantalita,Ta2O5,2170,2.17,0,0,0,0,
Bruta (ROM),2015,RO,Columbita-Tantalita,Ta2O5,743150.4,10.244,0,0,0,0,
Bruta (ROM),2016,AM,Columbita-Tantalita,Ta2O5,6012674,120,0,0,0,0,
Bruta (ROM),2016,MG,Columbita-Tantalita,Ta2O5,702805.44,491.964,0,0,0,0,
Bruta (ROM),2016,PB,Columbita-Tantalita,Ta2O5,0.14,0.14,0,0,0,0,
Bruta (ROM),2016,RN,Columbita-Tantalita,Ta2O5,500,0.05,0,0,0,0,
Bruta (ROM),2016,RO,Columbita-Tantalita,Ta2O5,739295.2,8,0,0,0,0,
Bruta (ROM),2017,AM,Columbita-Tantalita,Ta2O5,6494374.62,267.023,0,0,0,0,
Bruta (ROM),2017,AP,Columbita-Tantalita,Ta2O5,0,0,0,0,0,0,
Bruta (ROM),2017,MG,Columbita-Tantalita,Ta2O5,158982.47,75.036,0,0,0,0,
Bruta (ROM),2017,PB,Columbita-Tantalita,Ta2O5,1.88,1.11,0,0,0,0,
Bruta (ROM),2017,RN,Columbita-Tantalita,Ta2O5,400,0.04,0,0,0,0,
Bruta (ROM),2017,RO,Columbita-Tantalita,Ta2O5,588746.45,5.3,0,0,0,0,
Bruta (ROM),2018,AP,Columbita-Tantalita,Ta2O5,0,0,0,0,0,0,
Bruta (ROM),2018,MG,Columbita-Tantalita,Ta2O5,819073.51,245.722,0,0,0,0,
Bruta (ROM),2018,PB,Columbita-Tantalita,Ta2O5,6.35,1.45,4.33,222400.34,0,0,
Bruta (ROM),2018,RN,Columbita-Tantalita,Ta2O5,360,0.036,0,0,0,0,
Bruta (ROM),2018,RO,Columbita-Tantalita,Ta2O5,101864.16,0.608,0,0,0,0,
Bruta (ROM),2019,MG,Columbita-Tantalita,Ta2O5,527293.45,158.188,0,0,0,0,
Bruta (ROM),2019,PB,Columbita-Tantalita,Ta2O5,4.3,1.175,5.16,257528.18,0,0,
Bruta (ROM),2019,RN,Columbita-Tantalita,Ta2O5,100,0.01,0,0,0,0,
Bruta (ROM),2019,RO,Columbita-Tantalita,Ta2O5,86310.72,0.67,0,0,0,0,
Bruta (ROM),2020,MG,Columbita-Tantalita,Ta2O5,530686.34,159.206,0,0,0,0,
Bruta (ROM),2020,PA,Columbita-Tantalita,Ta2O5,0,0,0,0,0,0,
Bruta (ROM),2020,PB,Columbita-Tantalita,Ta2O5,6.07,0.96,0,0,0,0,
Bruta (ROM),2020,RN,Columbita-Tantalita,Ta2O5,50,0.005,0,0,0,0,
Bruta (ROM),2020,RO,Columbita-Tantalita,Ta2O5,71262.1,1.346,0,0,0,0,
Bruta (ROM),2021,BA,Columbita-Tantalita,Ta2O5,2000,1.7,2000,17000,0,0,
Bruta (ROM),2021,MG,Columbita-Tantalita,Ta2O5,636023.22,189.607,0,0,0,0,
Bruta (ROM),2021,PA,Columbita-Tantalita,Ta2O5,0,0,0,0,0,0,
Bruta (ROM),2021,PB,Columbita-Tantalita,Ta2O5,11.51,2.334,6.42,838402.02,0,0,
Bruta (ROM),2021,RN,Columbita-Tantalita,Ta2O5,40,0.004,0,0,0,0,
Bruta (ROM),2021,RO,Columbita-Tantalita,Ta2O5,43664.71,1.189,0,0,0,0,
Bruta (ROM),2022,AM,Columbita-Tantalita,Ta2O5,8026314,19423.68,0,0,0,0,Erro provável: contido de Ta2O5 idêntico ao da linha de Nb2O5 (duplicação na declaração)
Bruta (ROM),2022,AP,Columbita-Tantalita,Ta2O5,38659.02,18.637,0,0,0,0,
Bruta (ROM),2022,BA,Columbita-Tantalita,Ta2O5,1174.63,1174.6,1174.63,1247277.01,0,0,"Erro provável: contido de Ta2O5 igual à quantidade de minério (teor de 100% no ROM); nos anos vizinhos o contido da BA é de 0 a 1,7 t"
Bruta (ROM),2022,MG,Columbita-Tantalita,Ta2O5,624,0.187,0,0,0,0,"A verificar: minério de 624 t (2022) e 2.391 t (2024), contra 530–830 mil t nos anos vizinhos com o mesmo teor – declaração parcial ou em outra unidade"
Bruta (ROM),2022,PA,Columbita-Tantalita,Ta2O5,0,0,0,0,0,0,
Bruta (ROM),2022,PB,Columbita-Tantalita,Ta2O5,3.05,3.05,3.05,811532.62,0,0,
Bruta (ROM),2022,RN,Columbita-Tantalita,Ta2O5,30,0.003,0,0,0,0,
Bruta (ROM),2022,RO,Columbita-Tantalita,Ta2O5,106170.87,110.682,0,0,0,0,
Bruta (ROM),2023,AM,Columbita-Tantalita,Ta2O5,8622167,19830.984,0,0,0,0,Erro provável: contido de Ta2O5 idêntico ao da linha de Nb2O5 (duplicação na declaração)
Bruta (ROM),2023,AP,Columbita-Tantalita,Ta2O5,8133.59,11.653,0,0,0,0,
Bruta (ROM),2023,BA,Columbita-Tantalita,Ta2O5,2.62,0,2.62,299606.58,0,0,
Bruta (ROM),2023,MG,Columbita-Tantalita,Ta2O5,728084,218.367,0,0,0,0,
Bruta (ROM),2023,PA,Columbita-Tantalita,Ta2O5,2.77,1.387,0,0,0,0,
Bruta (ROM),2023,PB,Columbita-Tantalita,Ta2O5,0,0,0,0,0,0,
Bruta (ROM),2023,RN,Columbita-Tantalita,Ta2O5,45815,2.542,45790,2238700,0,0,
Bruta (ROM),2023,RO,Columbita-Tantalita,Ta2O5,67402.24,131.496,0,0,0,0,
Bruta (ROM),2024,AM,Columbita-Tantalita,Ta2O5,8097428,19757.724,0,0,0,0,Erro provável: contido de Ta2O5 idêntico ao da linha de Nb2O5 (duplicação na declaração)
Bruta (ROM),2024,AP,Columbita-Tantalita,Ta2O5,0,0,0,0,0,0,
Bruta (ROM),2024,BA,Columbita-Tantalita,Ta2O5,4.09,0,4.09,705617.21,0,0,
Bruta (ROM),2024,MG,Columbita-Tantalita,Ta2O5,2391,0.687,0,0,0,0,"A verificar: minério de 624 t (2022) e 2.391 t (2024), contra 530–830 mil t nos anos vizinhos com o mesmo teor – declaração parcial ou em outra unidade"
Bruta (ROM),2024,PA,Columbita-Tantalita,Ta2O5,0.06,0.03,0,0,0,0,
Bruta (ROM),2024,PB,Columbita-Tantalita,Ta2O5,23,0.25,0,0,0,0,
Bruta (ROM),2024,RN,Columbita-Tantalita,Ta2O5,18.82,0.005,3.82,114000,0,0,
Bruta (ROM),2024,RO,Columbita-Tantalita,Ta2O5,42117.032,36.98,0,0,0,0,
Bruta (ROM),2025,AM,Columbita-Tantalita,Ta2O5,8461800.32,21408.355,0,0,0,0,Erro provável: contido de Ta2O5 idêntico ao da linha de Nb2O5 (duplicação na declaração)
Bruta (ROM),2025,BA,Columbita-Tantalita,Ta2O5,1.39,0,1.39,413451.56,0,0,
Bruta (ROM),2025,MG,Columbita-Tantalita,Ta2O5,800944.73,240.283,0,0,0,0,
Bruta (ROM),2025,PA,Columbita-Tantalita,Ta2O5,0,0,0,0,0,0,
Bruta (ROM),2025,PB,Columbita-Tantalita,Ta2O5,0,0,0,0,0,0,
Bruta (ROM),2025,RN,Columbita-Tantalita,Ta2O5,2.95,0.505,2.95,88050,0,0,
Bruta (ROM),2025,RO,Columbita-Tantalita,Ta2O5,35579.718,45.265,0,0,0,0,
Bruta (ROM),2010,RJ,Monazita e Terras-Raras,ETR,135017,249,0,0,0,0,
Bruta (ROM),2011,RJ,Monazita e Terras-Raras,ETR,133324.8,290,0,0,0,0,
Bruta (ROM),2012,RJ,Monazita e Terras-Raras,ETR,1900,4,0,0,0,0,
Bruta (ROM),2013,RJ,Monazita e Terras-Raras,ETR,0,0,0,0,0,0,
Bruta (ROM),2014,RJ,Monazita e Terras-Raras,ETR,0,0,0,0,0,0,
Bruta (ROM),2015,MG,Monazita e Terras-Raras,ETR,0,0,0,0,0,0,
Bruta (ROM),2015,RJ,Monazita e Terras-Raras,ETR,0,0,0,0,0,0,
Bruta (ROM),2017,MG,Monazita e Terras-Raras,ETR,0,0,0,0,0,0,
Bruta (ROM),2018,MG,Monazita e Terras-Raras,ETR,0,0,0,0,0,0,
Bruta (ROM),2020,GO,Monazita e Terras-Raras,ETR,0,0,0,0,0,0,
Bruta (ROM),2021,GO,Monazita e Terras-Raras,ETR,0,0,0,0,0,0,
Bruta (ROM),2021,MG,Monazita e Terras-Raras,ETR,0,0,0,0,0,0,
Bruta (ROM),2021,RJ,Monazita e Terras-Raras,ETR,0,0,0,0,0,0,
Bruta (ROM),2022,MG,Monazita e Terras-Raras,ETR,0,0,0,0,0,0,
Bruta (ROM),2022,RJ,Monazita e Terras-Raras,ETR,0,0,0,0,0,0,
Bruta (ROM),2023,GO,Monazita e Terras-Raras,ETR,4048.32,6.76,0,0,0,0,
Bruta (ROM),2023,MG,Monazita e Terras-Raras,ETR,0,0,0,0,0,0,
Bruta (ROM),2023,RJ,Monazita e Terras-Raras,ETR,0,0,0,0,0,0,
Bruta (ROM),2024,GO,Monazita e Terras-Raras,ETR,593670.35,1358.43,0,0,0,0,
Bruta (ROM),2024,MG,Monazita e Terras-Raras,ETR,0,0,0,0,0,0,
Bruta (ROM),2025,GO,Monazita e Terras-Raras,ETR,76631.68,194.1,0,0,0,0,
Bruta (ROM),2025,MG,Monazita e Terras-Raras,ETR,0,0,0,0,0,0,
Bruta (ROM),2025,RJ,Monazita e Terras-Raras,ETR,0,0,0,0,0,0,
Bruta (ROM),2010,GO,Nióbio,Nb2O5,4857571,26642.633,0,0,0,0,
Bruta (ROM),2010,MG,Nióbio,Nb2O5,5619362,140484.05,0,0,0,0,
Bruta (ROM),2011,GO,Nióbio,Nb2O5,3870295,23514.143,0,0,0,0,
Bruta (ROM),2011,MG,Nióbio,Nb2O5,4082976,111873.542,0,0,0,0,
Bruta (ROM),2012,GO,Nióbio,Nb2O5,4270265.84,28792.214,0,0,0,0,
Bruta (ROM),2012,MG,Nióbio,Nb2O5,4426917,97384.429,0,0,0,0,
Bruta (ROM),2013,GO,Nióbio,Nb2O5,4121967.18,25130.33,0,0,0,0,
Bruta (ROM),2013,MG,Nióbio,Nb2O5,5118702.04,111672.134,0,0,0,0,
Bruta (ROM),2014,GO,Nióbio,Nb2O5,3920752.45,23276.885,0,0,0,0,
Bruta (ROM),2014,MG,Nióbio,Nb2O5,5804641.55,127609.433,0,0,0,0,
Bruta (ROM),2015,GO,Nióbio,Nb2O5,5440587.55,34670.35,0,0,0,0,
Bruta (ROM),2015,MG,Nióbio,Nb2O5,4489246,114978.12,0,0,0,0,
Bruta (ROM),2016,GO,Nióbio,Nb2O5,6295065.72,48870.003,0,0,0,0,
Bruta (ROM),2016,MG,Nióbio,Nb2O5,3297810,90535.42,0,0,0,0,
Bruta (ROM),2017,GO,Nióbio,Nb2O5,12507211.76,61062.384,0,0,0,0,
Bruta (ROM),2017,MG,Nióbio,Nb2O5,3032878,78553.63,0,0,0,0,
Bruta (ROM),2018,GO,Nióbio,Nb2O5,14525045.42,66184.24,0,0,0,0,
Bruta (ROM),2018,MG,Nióbio,Nb2O5,4708692,121971.0,0,0,0,0,
Bruta (ROM),2019,GO,Nióbio,Nb2O5,14275515.03,71689.965,0,0,0,0,
Bruta (ROM),2019,MG,Nióbio,Nb2O5,7398340,192668.75,0,0,0,0,
Bruta (ROM),2020,GO,Nióbio,Nb2O5,8659803.05,47278.596,0,0,0,0,
Bruta (ROM),2020,MG,Nióbio,Nb2O5,3710649,91650.91,0,0,0,0,
Bruta (ROM),2021,GO,Nióbio,Nb2O5,8569122.4,49806.909,0,0,0,0,
Bruta (ROM),2021,MG,Nióbio,Nb2O5,5500927,139978.633,0,0,0,0,
Bruta (ROM),2022,GO,Nióbio,Nb2O5,8676310.51,49799.012,0,0,0,0,
Bruta (ROM),2022,MG,Nióbio,Nb2O5,6082686.02,140555.244,0,0,0,0,
Bruta (ROM),2023,GO,Nióbio,Nb2O5,5526825.44,27886.894,0,0,0,0,
Bruta (ROM),2023,MG,Nióbio,Nb2O5,6332528.02,150909.913,0,0,0,0,
Bruta (ROM),2024,GO,Nióbio,Nb2O5,9249167.9,53837.128,0,0,0,0,
Bruta (ROM),2024,MG,Nióbio,Nb2O5,6580700,161284.749,0,0,0,0,
Bruta (ROM),2025,GO,Nióbio,Nb2O5,8986468.87,62626.527,0,0,0,0,
Bruta (ROM),2025,MG,Nióbio,Nb2O5,7064837,175552.951,0,0,0,0,
