mineral,tipo,pais,iso3,edicao_mcs,reservas,limite_inferior
Nióbio,País,Brasil,BRA,2010,2900000,
Nióbio,País,Brasil,BRA,2011,2900000,
Nióbio,País,Brasil,BRA,2012,2900000,
Nióbio,País,Brasil,BRA,2013,4100000,
Nióbio,País,Brasil,BRA,2014,4100000,
Nióbio,País,Brasil,BRA,2015,4100000,
Nióbio,País,Brasil,BRA,2016,4100000,
Nióbio,País,Brasil,BRA,2017,4100000,
Nióbio,País,Brasil,BRA,2018,4100000,
Nióbio,País,Brasil,BRA,2019,7300000,
Nióbio,País,Brasil,BRA,2020,11000000,
Nióbio,País,Brasil,BRA,2021,16000000,
Nióbio,País,Brasil,BRA,2022,16000000,
Nióbio,País,Brasil,BRA,2023,16000000,
Nióbio,País,Brasil,BRA,2024,16000000,
Nióbio,País,Brasil,BRA,2025,16000000,
Nióbio,País,Brasil,BRA,2026,14000000,
Nióbio,País,Canadá,CAN,2010,46000,
Nióbio,País,Canadá,CAN,2011,46000,
Nióbio,País,Canadá,CAN,2012,200000,
Nióbio,País,Canadá,CAN,2013,200000,
Nióbio,País,Canadá,CAN,2014,200000,
Nióbio,País,Canadá,CAN,2015,200000,
Nióbio,País,Canadá,CAN,2016,200000,
Nióbio,País,Canadá,CAN,2017,200000,
Nióbio,País,Canadá,CAN,2018,200000,
Nióbio,País,Canadá,CAN,2019,1600000,
Nióbio,País,Canadá,CAN,2020,1600000,
Nióbio,País,Canadá,CAN,2021,1600000,
Nióbio,País,Canadá,CAN,2022,1600000,
Nióbio,País,Canadá,CAN,2023,1600000,
Nióbio,País,Canadá,CAN,2024,1600000,
Nióbio,País,Canadá,CAN,2025,1600000,
Nióbio,País,Canadá,CAN,2026,640000,
Nióbio,País,China,CHN,2026,6500000,
Nióbio,País,Estados Unidos,USA,2010,0,
Nióbio,País,Estados Unidos,USA,2011,0,
Nióbio,País,Estados Unidos,USA,2012,0,
Nióbio,País,Estados Unidos,USA,2013,0,
Nióbio,País,Estados Unidos,USA,2014,0,
Nióbio,País,Estados Unidos,USA,2015,0,
Nióbio,País,Estados Unidos,USA,2016,0,
Nióbio,País,Estados Unidos,USA,2017,0,
Nióbio,País,Estados Unidos,USA,2018,0,
Nióbio,País,Estados Unidos,USA,2019,180000,
Nióbio,País,Estados Unidos,USA,2020,210000,
Nióbio,País,Estados Unidos,USA,2021,170000,
Nióbio,País,Estados Unidos,USA,2022,170000,
Nióbio,País,Estados Unidos,USA,2023,210000,
Nióbio,País,Estados Unidos,USA,2024,210000,
Nióbio,País,Estados Unidos,USA,2025,210000,
Nióbio,País,Estados Unidos,USA,2026,210000,
Nióbio,País,Rússia,RUS,2023,,
Nióbio,País,Rússia,RUS,2024,,
Nióbio,País,Rússia,RUS,2025,,
Nióbio,País,Rússia,RUS,2026,3000,
Nióbio,Total mundial,Total mundial,WLD,2010,2900000,
Nióbio,Total mundial,Total mundial,WLD,2011,2900000,
Nióbio,Total mundial,Total mundial,WLD,2012,3000000,
Nióbio,Total mundial,Total mundial,WLD,2013,4000000,"Sim ("">"")"
Nióbio,Total mundial,Total mundial,WLD,2014,4300000,"Sim ("">"")"
Nióbio,Total mundial,Total mundial,WLD,2015,4300000,"Sim ("">"")"
Nióbio,Total mundial,Total mundial,WLD,2016,4300000,"Sim ("">"")"
Nióbio,Total mundial,Total mundial,WLD,2017,4300000,"Sim ("">"")"
Nióbio,Total mundial,Total mundial,WLD,2018,4300000,"Sim ("">"")"
Nióbio,Total mundial,Total mundial,WLD,2019,9100000,"Sim ("">"")"
Nióbio,Total mundial,Total mundial,WLD,2020,13000000,"Sim ("">"")"
Nióbio,Total mundial,Total mundial,WLD,2021,17000000,"Sim ("">"")"
Nióbio,Total mundial,Total mundial,WLD,2022,17000000,"Sim ("">"")"
Nióbio,Total mundial,Total mundial,WLD,2023,17000000,"Sim ("">"")"
Nióbio,Total mundial,Total mundial,WLD,2024,17000000,"Sim ("">"")"
Nióbio,Total mundial,Total mundial,WLD,2025,17000000,"Sim ("">"")"
Nióbio,Total mundial,Total mundial,WLD,2026,21000000,"Sim ("">"")"
Terras raras,Outros países,Outros,OUT,2010,22000000,
Terras raras,Outros países,Outros,OUT,2011,22000000,
Terras raras,Outros países,Outros,OUT,2012,22000000,
Terras raras,Outros países,Outros,OUT,2013,41000000,
Terras raras,Outros países,Outros,OUT,2014,41000000,
Terras raras,Outros países,Outros,OUT,2015,41000000,
Terras raras,Outros países,Outros,OUT,2016,41000000,
Terras raras,Outros países,Outros,OUT,2019,4400000,
Terras raras,Outros países,Outros,OUT,2020,310000,
Terras raras,Outros países,Outros,OUT,2021,310000,
Terras raras,Outros países,Outros,OUT,2022,280000,
Terras raras,Outros países,Outros,OUT,2023,280000,
Terras raras,Outros países,Outros,OUT,2025,,
Terras raras,Outros países,Outros,OUT,2026,,
Terras raras,País,Austrália,AUS,2010,5400000,
Terras raras,País,Austrália,AUS,2011,1600000,
Terras raras,País,Austrália,AUS,2012,1600000,
Terras raras,País,Austrália,AUS,2013,1600000,
Terras raras,País,Austrália,AUS,2014,2100000,
Terras raras,País,Austrália,AUS,2015,3200000,
Terras raras,País,Austrália,AUS,2016,3200000,
Terras raras,País,Austrália,AUS,2017,3400000,
Terras raras,País,Austrália,AUS,2018,3400000,
Terras raras,País,Austrália,AUS,2019,3400000,
Terras raras,País,Austrália,AUS,2020,3300000,
Terras raras,País,Austrália,AUS,2021,4100000,
Terras raras,País,Austrália,AUS,2022,4000000,
Terras raras,País,Austrália,AUS,2023,4200000,
Terras raras,País,Austrália,AUS,2024,5700000,
Terras raras,País,Austrália,AUS,2025,5700000,
Terras raras,País,Austrália,AUS,2026,6300000,
Terras raras,País,Brasil,BRA,2010,48000,
Terras raras,País,Brasil,BRA,2011,48000,
Terras raras,País,Brasil,BRA,2012,48000,
Terras raras,País,Brasil,BRA,2013,36000,
Terras raras,País,Brasil,BRA,2014,22000000,
Terras raras,País,Brasil,BRA,2015,22000000,
Terras raras,País,Brasil,BRA,2016,22000000,
Terras raras,País,Brasil,BRA,2017,22000000,
Terras raras,País,Brasil,BRA,2018,22000000,
Terras raras,País,Brasil,BRA,2019,22000000,
Terras raras,País,Brasil,BRA,2020,22000000,
Terras raras,País,Brasil,BRA,2021,21000000,
Terras raras,País,Brasil,BRA,2022,21000000,
Terras raras,País,Brasil,BRA,2023,21000000,
Terras raras,País,Brasil,BRA,2024,21000000,
Terras raras,País,Brasil,BRA,2025,21000000,
Terras raras,País,Brasil,BRA,2026,11000000,
Terras raras,País,Canadá,CAN,2017,830000,
Terras raras,País,Canadá,CAN,2018,830000,
Terras raras,País,Canadá,CAN,2020,830000,
Terras raras,País,Canadá,CAN,2021,830000,
Terras raras,País,Canadá,CAN,2022,830000,
Terras raras,País,Canadá,CAN,2023,830000,
Terras raras,País,Canadá,CAN,2024,830000,
Terras raras,País,Canadá,CAN,2025,830000,
Terras raras,País,Canadá,CAN,2026,830000,
Terras raras,País,China,CHN,2010,36000000,
Terras raras,País,China,CHN,2011,55000000,
Terras raras,País,China,CHN,2012,55000000,
Terras raras,País,China,CHN,2013,55000000,
Terras raras,País,China,CHN,2014,55000000,
Terras raras,País,China,CHN,2015,55000000,
Terras raras,País,China,CHN,2016,55000000,
Terras raras,País,China,CHN,2017,44000000,
Terras raras,País,China,CHN,2018,44000000,
Terras raras,País,China,CHN,2019,44000000,
Terras raras,País,China,CHN,2020,44000000,
Terras raras,País,China,CHN,2021,44000000,
Terras raras,País,China,CHN,2022,44000000,
Terras raras,País,China,CHN,2023,44000000,
Terras raras,País,China,CHN,2024,44000000,
Terras raras,País,China,CHN,2025,44000000,
Terras raras,País,China,CHN,2026,44000000,
Terras raras,País,Estados Unidos,USA,2010,13000000,
Terras raras,País,Estados Unidos,USA,2011,13000000,
Terras raras,País,Estados Unidos,USA,2012,13000000,
Terras raras,País,Estados Unidos,USA,2013,13000000,
Terras raras,País,Estados Unidos,USA,2014,13000000,
Terras raras,País,Estados Unidos,USA,2015,1800000,
Terras raras,País,Estados Unidos,USA,2016,1800000,
Terras raras,País,Estados Unidos,USA,2017,1400000,
Terras raras,País,Estados Unidos,USA,2018,1400000,
Terras raras,País,Estados Unidos,USA,2019,1400000,
Terras raras,País,Estados Unidos,USA,2020,1400000,
Terras raras,País,Estados Unidos,USA,2021,1500000,
Terras raras,País,Estados Unidos,USA,2022,1800000,
Terras raras,País,Estados Unidos,USA,2023,2300000,
Terras raras,País,Estados Unidos,USA,2024,1800000,
Terras raras,País,Estados Unidos,USA,2025,1900000,
Terras raras,País,Estados Unidos,USA,2026,1900000,
Terras raras,País,Groenlândia,GRL,2017,1500000,
Terras raras,País,Groenlândia,GRL,2018,1500000,
Terras raras,País,Groenlândia,GRL,2020,1500000,
Terras raras,País,Groenlândia,GRL,2021,1500000,
Terras raras,País,Groenlândia,GRL,2022,1500000,
Terras raras,País,Groenlândia,GRL,2023,1500000,
Terras raras,País,Groenlândia,GRL,2024,1500000,
Terras raras,País,Groenlândia,GRL,2025,1500000,
Terras raras,País,Groenlândia,GRL,2026,1500000,
Terras raras,País,Malawi,MWI,2017,136000,
Terras raras,País,Malawi,MWI,2018,140000,
Terras raras,País,Malásia,MYS,2010,30000,
Terras raras,País,Malásia,MYS,2011,30000,
Terras raras,País,Malásia,MYS,2012,30000,
Terras raras,País,Malásia,MYS,2013,30000,
Terras raras,País,Malásia,MYS,2014,30000,
Terras raras,País,Malásia,MYS,2015,30000,
Terras raras,País,Malásia,MYS,2016,30000,
Terras raras,País,Malásia,MYS,2017,30000,
Terras raras,País,Malásia,MYS,2018,30000,
Terras raras,País,Malásia,MYS,2019,30000,
Terras raras,País,Malásia,MYS,2024,,
Terras raras,País,Malásia,MYS,2025,,
Terras raras,País,Malásia,MYS,2026,710000,
Terras raras,País,Rússia,RUS,2017,18000000,
Terras raras,País,Rússia,RUS,2018,18000000,
Terras raras,País,Rússia,RUS,2019,12000000,
Terras raras,País,Rússia,RUS,2020,12000000,
Terras raras,País,Rússia,RUS,2021,12000000,
Terras raras,País,Rússia,RUS,2022,21000000,
Terras raras,País,Rússia,RUS,2023,21000000,
Terras raras,País,Rússia,RUS,2024,10000000,
Terras raras,País,Rússia,RUS,2025,3800000,
Terras raras,País,Rússia,RUS,2026,3800000,
Terras raras,País,Tailândia,THA,2015,,
Terras raras,País,Tailândia,THA,2016,,
Terras raras,País,Tailândia,THA,2017,,
Terras raras,País,Tailândia,THA,2018,,
Terras raras,País,Tailândia,THA,2019,,
Terras raras,País,Tailândia,THA,2020,,
Terras raras,País,Tailândia,THA,2021,,
Terras raras,País,Tailândia,THA,2022,,
Terras raras,País,Tailândia,THA,2023,,
Terras raras,País,Tailândia,THA,2024,4500,
Terras raras,País,Tailândia,THA,2025,4500,
Terras raras,País,Tailândia,THA,2026,,
Terras raras,País,Tanzânia,TZA,2020,890000,
Terras raras,País,Tanzânia,TZA,2021,890000,
Terras raras,País,Tanzânia,TZA,2022,890000,
Terras raras,País,Tanzânia,TZA,2023,890000,
Terras raras,País,Tanzânia,TZA,2024,890000,
Terras raras,País,Tanzânia,TZA,2025,890000,
Terras raras,País,Tanzânia,TZA,2026,890000,
Terras raras,País,Vietnã,VNM,2017,22000000,
Terras raras,País,Vietnã,VNM,2018,22000000,
Terras raras,País,Vietnã,VNM,2019,22000000,
Terras raras,País,Vietnã,VNM,2020,22000000,
Terras raras,País,Vietnã,VNM,2021,22000000,
Terras raras,País,Vietnã,VNM,2022,22000000,
Terras raras,País,Vietnã,VNM,2023,22000000,
Terras raras,País,Vietnã,VNM,2024,22000000,
Terras raras,País,Vietnã,VNM,2025,3500000,
Terras raras,País,Vietnã,VNM,2026,3500000,
Terras raras,País,África do Sul,ZAF,2017,860000,
Terras raras,País,África do Sul,ZAF,2018,860000,
Terras raras,País,África do Sul,ZAF,2020,790000,
Terras raras,País,África do Sul,ZAF,2021,790000,
Terras raras,País,África do Sul,ZAF,2022,790000,
Terras raras,País,África do Sul,ZAF,2023,790000,
Terras raras,País,África do Sul,ZAF,2024,790000,
Terras raras,País,África do Sul,ZAF,2025,860000,
Terras raras,País,África do Sul,ZAF,2026,860000,
Terras raras,País,Índia,IND,2010,3100000,
Terras raras,País,Índia,IND,2011,3100000,
Terras raras,País,Índia,IND,2012,3100000,
Terras raras,País,Índia,IND,2013,3100000,
Terras raras,País,Índia,IND,2014,3100000,
Terras raras,País,Índia,IND,2015,3100000,
Terras raras,País,Índia,IND,2016,3100000,
Terras raras,País,Índia,IND,2017,6900000,
Terras raras,País,Índia,IND,2018,6900000,
Terras raras,País,Índia,IND,2019,6900000,
Terras raras,País,Índia,IND,2020,6900000,
Terras raras,País,Índia,IND,2021,6900000,
Terras raras,País,Índia,IND,2022,6900000,
Terras raras,País,Índia,IND,2023,6900000,
Terras raras,País,Índia,IND,2024,6900000,
Terras raras,País,Índia,IND,2025,6900000,
Terras raras,País,Índia,IND,2026,,
Terras raras,Total mundial,Total mundial,WLD,2010,99000000,
Terras raras,Total mundial,Total mundial,WLD,2011,110000000,
Terras raras,Total mundial,Total mundial,WLD,2012,110000000,
Terras raras,Total mundial,Total mundial,WLD,2013,110000000,
Terras raras,Total mundial,Total mundial,WLD,2014,140000000,
Terras raras,Total mundial,Total mundial,WLD,2015,130000000,
Terras raras,Total mundial,Total mundial,WLD,2016,130000000,
Terras raras,Total mundial,Total mundial,WLD,2017,120000000,
Terras raras,Total mundial,Total mundial,WLD,2018,120000000,
Terras raras,Total mundial,Total mundial,WLD,2019,120000000,
Terras raras,Total mundial,Total mundial,WLD,2020,120000000,
Terras raras,Total mundial,Total mundial,WLD,2021,120000000,
Terras raras,Total mundial,Total mundial,WLD,2022,120000000,
Terras raras,Total mundial,Total mundial,WLD,2023,130000000,
Terras raras,Total mundial,Total mundial,WLD,2024,110000000,
Terras raras,Total mundial,Total mundial,WLD,2025,90000000,"Sim ("">"")"
Terras raras,Total mundial,Total mundial,WLD,2026,75000000,"Sim ("">"")"
Tântalo,País,Austrália,AUS,2010,40000,
Tântalo,País,Austrália,AUS,2011,40000,
Tântalo,País,Austrália,AUS,2012,51000,
Tântalo,País,Austrália,AUS,2013,53000,
Tântalo,País,Austrália,AUS,2014,62000,
Tântalo,País,Austrália,AUS,2015,67000,
Tântalo,País,Austrália,AUS,2016,67000,
Tântalo,País,Austrália,AUS,2017,69000,
Tântalo,País,Austrália,AUS,2018,78000,
Tântalo,País,Austrália,AUS,2019,76000,
Tântalo,País,Austrália,AUS,2020,55000,
Tântalo,País,Austrália,AUS,2021,99000,
Tântalo,País,Austrália,AUS,2022,94000,
Tântalo,País,Austrália,AUS,2023,99000,
Tântalo,País,Austrália,AUS,2024,110000,
Tântalo,País,Austrália,AUS,2025,110000,
Tântalo,País,Austrália,AUS,2026,120000,
Tântalo,País,Brasil,BRA,2010,65000,
Tântalo,País,Brasil,BRA,2011,65000,
Tântalo,País,Brasil,BRA,2012,65000,
Tântalo,País,Brasil,BRA,2013,88000,
Tântalo,País,Brasil,BRA,2014,36000,
Tântalo,País,Brasil,BRA,2015,36000,
Tântalo,País,Brasil,BRA,2016,36000,
Tântalo,País,Brasil,BRA,2017,36000,
Tântalo,País,Brasil,BRA,2018,34000,
Tântalo,País,Brasil,BRA,2019,34000,
Tântalo,País,Brasil,BRA,2020,34000,
Tântalo,País,Brasil,BRA,2021,40000,
Tântalo,País,Brasil,BRA,2022,40000,
Tântalo,País,Brasil,BRA,2023,40000,
Tântalo,País,Brasil,BRA,2024,40000,
Tântalo,País,Brasil,BRA,2025,40000,
Tântalo,País,Brasil,BRA,2026,40000,
Tântalo,País,Canadá,CAN,2010,,
Tântalo,País,Canadá,CAN,2011,,
Tântalo,País,Canadá,CAN,2012,,
Tântalo,País,Canadá,CAN,2013,4000,
Tântalo,País,Canadá,CAN,2014,,
Tântalo,País,Canadá,CAN,2015,,
Tântalo,País,China,CHN,2015,,
Tântalo,País,China,CHN,2016,,
Tântalo,País,China,CHN,2017,,
Tântalo,País,China,CHN,2018,,
Tântalo,País,China,CHN,2019,,
Tântalo,País,China,CHN,2020,,
Tântalo,País,China,CHN,2021,,
Tântalo,País,China,CHN,2022,,
Tântalo,País,China,CHN,2023,180000,
Tântalo,País,China,CHN,2024,240000,
Tântalo,País,China,CHN,2025,240000,
Tântalo,País,China,CHN,2026,240000,
Tântalo,País,Estados Unidos,USA,2010,0,
Tântalo,País,Estados Unidos,USA,2011,0,
Tântalo,País,Estados Unidos,USA,2012,0,
Tântalo,País,Estados Unidos,USA,2013,0,
Tântalo,País,Estados Unidos,USA,2014,0,
Tântalo,País,Estados Unidos,USA,2015,0,
Tântalo,País,Estados Unidos,USA,2016,0,
Tântalo,País,Estados Unidos,USA,2017,0,
Tântalo,País,Estados Unidos,USA,2018,0,
Tântalo,País,Estados Unidos,USA,2019,0,
Tântalo,País,Estados Unidos,USA,2020,0,
Tântalo,País,Estados Unidos,USA,2021,0,
Tântalo,País,Estados Unidos,USA,2022,0,
Tântalo,País,Estados Unidos,USA,2023,0,
Tântalo,País,Estados Unidos,USA,2024,0,
Tântalo,País,Estados Unidos,USA,2025,0,
Tântalo,País,Estados Unidos,USA,2026,0,
Tântalo,País,Etiópia,ETH,2013,4000,
Tântalo,País,Etiópia,ETH,2014,,
Tântalo,País,Etiópia,ETH,2015,,
Tântalo,País,Etiópia,ETH,2018,,
Tântalo,País,Etiópia,ETH,2019,,
Tântalo,País,Etiópia,ETH,2020,,
Tântalo,País,Etiópia,ETH,2021,,
Tântalo,País,Etiópia,ETH,2022,,
Tântalo,País,Etiópia,ETH,2023,,
Tântalo,País,Etiópia,ETH,2025,,
Tântalo,País,Etiópia,ETH,2026,,
Tântalo,País,Moçambique,MOZ,2011,3200,
Tântalo,País,Moçambique,MOZ,2012,3200,
Tântalo,País,Moçambique,MOZ,2013,,
Tântalo,País,Moçambique,MOZ,2014,,
Tântalo,País,Moçambique,MOZ,2015,,
Tântalo,País,Moçambique,MOZ,2022,,
Tântalo,País,Moçambique,MOZ,2023,,
Tântalo,País,Moçambique,MOZ,2025,,
Tântalo,País,Moçambique,MOZ,2026,,
Tântalo,País,Rússia,RUS,2020,,
Tântalo,País,Rússia,RUS,2021,,
Tântalo,País,Rússia,RUS,2022,,
Tântalo,País,Rússia,RUS,2023,,
Tântalo,País,Rússia,RUS,2024,,
Tântalo,País,Rússia,RUS,2025,,
Tântalo,País,Rússia,RUS,2026,150,
Tântalo,Total mundial,Total mundial,WLD,2010,110000,
Tântalo,Total mundial,Total mundial,WLD,2011,110000,
Tântalo,Total mundial,Total mundial,WLD,2012,120000,
Tântalo,Total mundial,Total mundial,WLD,2013,150000,"Sim ("">"")"
Tântalo,Total mundial,Total mundial,WLD,2014,100000,"Sim ("">"")"
Tântalo,Total mundial,Total mundial,WLD,2015,100000,"Sim ("">"")"
Tântalo,Total mundial,Total mundial,WLD,2016,100000,"Sim ("">"")"
Tântalo,Total mundial,Total mundial,WLD,2017,100000,"Sim ("">"")"
Tântalo,Total mundial,Total mundial,WLD,2018,110000,"Sim ("">"")"
Tântalo,Total mundial,Total mundial,WLD,2019,110000,"Sim ("">"")"
Tântalo,Total mundial,Total mundial,WLD,2020,90000,"Sim ("">"")"
Tântalo,Total mundial,Total mundial,WLD,2021,140000,"Sim ("">"")"
Tântalo,Total mundial,Total mundial,WLD,2022,,
Tântalo,Total mundial,Total mundial,WLD,2023,,
Tântalo,Total mundial,Total mundial,WLD,2024,,
Tântalo,Total mundial,Total mundial,WLD,2025,,
Tântalo,Total mundial,Total mundial,WLD,2026,,
